Duration Range,Group A (%)
0-15 sec,27.051671732522795
15-30 sec,13.069908814589665
30-60 sec,13.373860182370821
1-5 min,31.306990881458965
5+ min,15.19756838905775
