Duration Range,Group B (%)
0-15 sec,57.857142857142854
15-30 sec,10.714285714285714
30-60 sec,11.785714285714286
1-5 min,15.0
5+ min,4.642857142857143
